<?xml version="1.0" encoding="utf-8"?>
<A10PistonConfig xmlns:xsi="http://www.w3.org/2001/XMLSchema-instance" xmlns:xsd="http://www.w3.org/2001/XMLSchema">
  <EditInformation>
    <EditName>UserName</EditName>
    <TimeStamp>20170110213805</TimeStamp>
    <Comment />
  </EditInformation>
  <LevelList>
    <LevelItem Lv0="0" Lv1="0" Lv2="0" Lv3="0">STOP</LevelItem>
    <LevelItem Lv0="10" Lv1="30" Lv2="50" Lv3="70">PreSet1</LevelItem>
    <LevelItem Lv0="20" Lv1="40" Lv2="60" Lv3="80">PreSet2</LevelItem>
    <LevelItem Lv0="60" Lv1="80" Lv2="100" Lv3="120">PreSet3</LevelItem>
  </LevelList>
  <YotogiCXConfig>
    <GroupName>アナルバイブオナニーChu-B</GroupName>
    <YotogiList>
      <YotogiItem>
        <Yotogi_Name>オナニーさせる</Yotogi_Name>
        <ControlData>
          <Control Pattern="-1" Level="-1" LvName="STOP" />
        </ControlData>
      </YotogiItem>
      <YotogiItem>
        <Yotogi_Name>強くオナニーさせる</Yotogi_Name>
        <ControlData>
          <Control Pattern="-1" Level="-1" LvName="STOP" />
        </ControlData>
      </YotogiItem>
      <YotogiItem>
        <Yotogi_Name>止める</Yotogi_Name>
        <ControlData>
          <Control Pattern="-1" Level="-1" LvName="STOP" />
        </ControlData>
      </YotogiItem>
      <YotogiItem>
        <Yotogi_Name>イカせる</Yotogi_Name>
        <ControlData>
          <Control Pattern="-1" Level="-1" LvName="STOP" />
        </ControlData>
      </YotogiItem>
      <YotogiItem>
        <Yotogi_Name>バイブを舐めさせる</Yotogi_Name>
        <ControlData>
          <Control Pattern="-1" Level="-1" LvName="STOP" />
        </ControlData>
      </YotogiItem>
    </YotogiList>
  </YotogiCXConfig>
</A10PistonConfig>